Architecture,Min_Valid_Value
XCMPlus,3.34145188331604
ConvTranPlus,0.5584658980369568
TSSequencerPlus,0.5477206110954285
RNNPlus,1.846153974533081
ResNetPlus,0.5179638266563416
InceptionTimePlus,0.5166741609573364
TSTPlus,7.231983184814453
TransformerLSTMPlus,0.7750648260116577
XceptionTimePlus,0.5645990371704102
TransformerGRUPlus,0.7691435813903809
PatchTST,7.242368221282959
